{
    "CalibReprError": 0.22683652780513805,
    "CameraMatrix": [
        [
            677.2458625466664,
            0.0,
            319.9475633489432
        ],
        [
            0.0,
            680.2429731706618,
            238.82859474169499
        ],
        [
            0.0,
            0.0,
            1.0
        ]
    ],
    "CameraID": 0,
    "Distortion": [
        0.18681114967853352,
        -1.373415281351234,
        0.0,
        0.0,
        2.6679646461641733
    ],
    "Dims": [
        640,
        480
    ],
    "Translation": [
        0.45741679812645997,
        -5.431948788406406,
        19.02926322842629
    ],
    "Rotation": [
        -0.1679926547280827,
        -0.0489874819276265,
        1.6331950639580286
    ]
}